home,away,homescore_r,awayscore_r
MTL,TOR,3,4
CHI,WSH,6,4
EDM,WPG,4,5
PHI,TOR,1,3
DET,BUF,2,1
COL,ANA,6,1
BOS,TBL,3,1
PIT,NJD,3,0
WSH,CGY,4,4
STL,NSH,4,2
MIN,LAK,2,2
DAL,FLA,2,4
PHX,NYR,4,1
SJS,VAN,4,1
BUF,OTT,0,1
NJD,NYI,3,3
CAR,DET,2,2
CBJ,CGY,3,4
WPG,LAK,5,3
COL,NSH,3,1
BOS,DET,4,1
TOR,OTT,4,4
MTL,PHI,4,1
NYI,CBJ,2,2
PIT,BUF,4,1
CHI,TBL,2,2
STL,FLA,7,0
DAL,WSH,2,1
MIN,ANA,3,3
VAN,EDM,6,2
SJS,PHX,4,1
CAR,PHI,2,1
WPG,ANA,2,3
CGY,VAN,4,4
EDM,NJD,4,4
LAK,NYR,1,3
TOR,COL,1,2
NYI,PHX,6,1
PHI,FLA,2,1
PIT,CAR,5,2
BUF,TBL,2,2
NSH,MIN,3,2
VAN,NJD,2,2
SJS,NYR,9,2
STL,CHI,3,2
CGY,MTL,3,2
LAK,OTT,3,3
BOS,COL,0,2
BUF,CBJ,1,4
WSH,CAR,2,3
DET,PHX,2,4
TBL,FLA,7,2
NSH,TOR,0,4
MIN,WPG,2,1
EDM,MTL,1,4
VAN,SJS,1,4
ANA,NYR,6,0
PHI,PHX,1,2
CAR,LAK,1,1
FLA,PIT,6,3
CHI,NYI,3,2
WPG,DAL,1,4
CGY,NJD,3,2
TOR,EDM,5,5
DET,PHI,5,2
TBL,PIT,4,5
WSH,COL,1,5
CBJ,BOS,1,3
CHI,BUF,2,1
STL,NYR,5,3
NSH,NYI,3,2
MIN,DAL,5,1
VAN,MTL,1,4
SJS,OTT,3,2
CAR,PHX,3,5
FLA,LAK,0,3
WPG,NJD,3,0
ANA,OTT,4,1
BOS,DET,2,3
WSH,EDM,4,2
BUF,MIN,1,2
TOR,MIN,4,1
NYI,BUF,3,3
PHI,VAN,2,3
PIT,EDM,3,2
CAR,CHI,2,2
DET,CBJ,2,1
TBL,LAK,5,1
STL,SJS,2,6
NSH,FLA,4,3
WPG,MTL,0,3
COL,DAL,3,2
PHX,OTT,3,3
WSH,NYR,0,2
ANA,CGY,3,2
BUF,VAN,0,3
TOR,CAR,2,3
NYI,EDM,3,2
PHI,PIT,1,4
MTL,CBJ,5,3
OTT,NJD,5,2
TBL,MIN,3,1
FLA,BOS,2,3
CHI,STL,2,2
NSH,LAK,1,1
DAL,SJS,3,3
COL,DET,2,4
WPG,STL,3,3
ANA,PHX,2,2
PIT,VAN,3,3
OTT,EDM,1,3
BUF,COL,2,4
MTL,NSH,1,2
TBL,BOS,0,5
FLA,MIN,1,1
NJD,NYR,4,0
NYI,CAR,3,4
WSH,CBJ,4,1
CHI,TOR,3,1
PHX,DET,5,2
SJS,CGY,6,3
LAK,DAL,5,2
CBJ,VAN,3,1
WPG,NSH,1,3
ANA,DAL,6,3
DET,SJS,0,0
PIT,COL,0,1
LAK,CGY,2,3
TOR,ANA,4,2
NYI,VAN,4,4
CBJ,NJD,4,1
MTL,EDM,3,4
FLA,CHI,2,2
MIN,NSH,2,0
WPG,WSH,4,4
PHX,CGY,4,2
DET,OTT,1,6
BUF,BOS,2,5
BOS,SJS,2,1
NJD,VAN,2,2
PHI,NYR,2,1
MTL,ANA,4,1
TBL,CHI,5,5
NSH,WPG,2,2
MIN,CAR,3,1
DAL,CGY,5,1
EDM,WSH,1,4
LAK,PHX,7,4
PIT,NYI,3,4
CBJ,TOR,5,2
OTT,ANA,1,2
FLA,BUF,1,3
STL,VAN,2,2
COL,CAR,4,2
BOS,NJD,3,4
TOR,PIT,4,1
MTL,SJS,0,2
DET,NYR,2,2
TBL,BUF,3,2
NYI,PHI,2,5
DAL,WPG,1,1
CHI,MIN,3,5
NSH,STL,1,6
PHX,EDM,5,4
CGY,WSH,5,2
OTT,SJS,2,5
FLA,TBL,3,3
CBJ,ANA,3,4
COL,WPG,3,2
LAK,EDM,1,1
BUF,DAL,3,4
CAR,PIT,1,3
NYR,MTL,0,2
MIN,CHI,1,5
VAN,WSH,3,2
NYI,NYR,2,3
PHI,ANA,2,3
MTL,DAL,2,1
NJD,TBL,2,1
CHI,OTT,6,5
STL,WPG,3,2
EDM,TOR,0,4
PHX,LAK,3,1
PIT,BOS,3,2
CGY,TOR,2,4
VAN,DET,1,2
LAK,SJS,3,3
BOS,ANA,2,2
NYR,BUF,2,0
PHX,NSH,4,4
PHI,WSH,0,7
PIT,CBJ,4,2
CAR,TBL,0,3
OTT,NYI,4,4
FLA,STL,0,4
MIN,MTL,4,3
DAL,COL,2,2
CGY,DET,3,4
WPG,CHI,1,5
LAK,NSH,3,4
BUF,ANA,3,6
TBL,STL,4,2
NJD,PHI,0,1
NYI,BOS,3,1
NYR,CAR,5,1
WSH,FLA,2,2
CBJ,PIT,0,3
VAN,TOR,4,0
COL,MTL,4,1
EDM,DET,0,5
SJS,PHX,2,2
OTT,DAL,3,3
CHI,CGY,2,2
MIN,NJD,4,0
NYR,ANA,1,2
WPG,DET,4,2
BOS,DAL,2,2
WSH,NYI,6,2
CBJ,OTT,1,4
MTL,STL,2,2
FLA,EDM,3,3
CAR,PHI,1,1
MIN,CGY,5,1
PHX,VAN,2,2
SJS,BUF,4,4
NYR,PIT,5,1
CHI,WPG,4,1
COL,NSH,4,6
ANA,PHX,5,2
BOS,FLA,4,1
OTT,MTL,4,1
PHI,NJD,0,3
WSH,MIN,2,2
CAR,NYI,1,0
CBJ,NYR,2,4
DET,DAL,3,3
TBL,EDM,4,2
STL,CGY,3,2
LAK,BUF,2,0
SJS,VAN,2,4
TOR,NJD,1,1
WPG,NSH,5,0
COL,CGY,4,2
ANA,BUF,6,2
PHI,EDM,4,2
OTT,FLA,3,2
BOS,TOR,3,1
DET,TBL,2,2
CAR,MIN,2,2
CBJ,NYI,5,2
STL,PIT,2,1
DAL,CHI,2,5
PHX,WSH,3,3
LAK,VAN,5,1
MTL,NYI,4,2
NJD,NSH,5,0
NYR,FLA,4,3
CHI,EDM,5,4
WPG,SJS,4,4
COL,WSH,4,1
ANA,VAN,3,1
BOS,TBL,3,0
BUF,LAK,2,2
NYI,NSH,3,1
NYR,NJD,2,3
WSH,CBJ,3,3
CAR,COL,2,1
MTL,TBL,1,1
OTT,PHI,0,5
DET,WPG,2,2
FLA,ANA,3,2
STL,PHX,2,2
CGY,SJS,2,2
MIN,TOR,1,1
PIT,PHI,1,2
EDM,DAL,0,3
BOS,CBJ,2,2
NYI,LAK,2,3
TBL,ANA,5,1
CHI,PHX,4,4
STL,COL,7,3
CGY,DAL,3,7
VAN,SJS,1,1
BUF,TOR,3,1
NJD,LAK,0,2
PIT,NSH,4,1
CAR,ANA,2,2
CBJ,MTL,2,2
OTT,BOS,4,2
DET,WSH,3,3
MIN,FLA,3,2
WPG,PHI,2,2
EDM,SJS,1,3
TOR,BUF,4,2
MTL,NYR,0,1
NJD,PIT,4,1
NYI,DET,4,4
STL,CAR,4,2
NSH,CHI,7,2
PHX,TBL,6,3
COL,FLA,1,4
CGY,EDM,2,4
OTT,CBJ,1,4
WSH,STL,4,1
NYR,LAK,0,1
CHI,SJS,5,1
MIN,WPG,2,1
VAN,DAL,1,2
CAR,BOS,1,4
PIT,ANA,3,1
WPG,CGY,4,4
BUF,STL,1,4
TOR,NYI,5,2
PHI,OTT,5,2
MTL,MIN,6,2
DET,NSH,0,2
NYR,BOS,1,2
COL,CHI,5,1
EDM,CBJ,7,0
VAN,FLA,2,2
LAK,TBL,5,2
OTT,MIN,3,4
WSH,PIT,0,4
CGY,CBJ,1,1
ANA,NJD,3,3
BOS,STL,2,2
TOR,NSH,2,4
PHI,BUF,4,1
DET,CAR,4,3
WPG,CHI,3,6
DAL,NYR,2,3
PHX,COL,3,3
EDM,FLA,4,1
LAK,NJD,1,1
SJS,TBL,5,1
PIT,NYI,4,3
WSH,MTL,2,3
CGY,FLA,3,3
VAN,CBJ,6,2
ANA,TBL,0,0
BOS,CAR,2,2
WPG,MIN,2,2
TOR,WSH,1,1
MTL,PIT,3,2
DET,OTT,2,4
PHI,NYI,5,2
STL,DAL,6,1
NSH,NYR,0,2
PHX,ANA,2,4
VAN,CHI,1,2
LAK,COL,0,0
SJS,NJD,2,1
BUF,DET,1,3
CAR,OTT,4,1
BOS,PIT,3,3
TOR,CBJ,0,6
NJD,WPG,1,3
TBL,NYR,5,0
FLA,PHI,3,1
STL,MIN,3,0
NSH,PHX,4,2
EDM,CHI,1,5
VAN,LAK,2,2
DAL,ANA,6,3
BUF,MTL,1,3
NJD,CAR,3,4
NYI,WPG,2,3
WSH,OTT,4,6
CBJ,NSH,0,4
DET,BOS,6,1
TBL,PHI,4,2
FLA,NYR,2,5
PIT,TOR,5,5
MIN,PHX,1,3
COL,STL,1,4
CGY,CHI,2,3
SJS,LAK,2,2
OTT,VAN,2,5
NSH,EDM,0,3
BOS,NYR,3,2
TBL,PIT,0,3
NYI,DET,0,5
PHI,WPG,2,1
ANA,CGY,5,2
SJS,STL,6,3
WSH,MTL,2,2
MIN,COL,1,3
BUF,TOR,2,2
CAR,NJD,2,5
CBJ,EDM,4,2
DAL,CHI,1,1
NYR,VAN,5,2
BOS,CBJ,3,1
MTL,TOR,4,2
FLA,PIT,1,5
NJD,BUF,0,0
NYI,WSH,2,2
NSH,PHI,2,2
PHX,CHI,2,5
COL,MIN,2,2
LAK,CGY,1,2
SJS,ANA,3,3
CAR,VAN,2,3
OTT,DET,2,4
DAL,EDM,2,2
NYR,WPG,2,5
MTL,NJD,3,2
MIN,PHI,2,0
LAK,STL,3,2
TOR,SJS,2,4
NYI,PIT,2,2
WSH,CAR,1,4
CBJ,TBL,1,0
FLA,OTT,2,4
CHI,DAL,3,4
NSH,VAN,1,3
EDM,PHX,2,6
ANA,LAK,2,2
NJD,MTL,3,3
DET,PHI,3,6
CGY,PHX,4,1
BUF,NYR,1,3
TOR,DAL,2,2
PIT,SJS,5,1
MTL,BOS,2,1
TBL,OTT,3,1
FLA,WPG,5,2
STL,NYI,5,1
NSH,CAR,2,5
MIN,CHI,4,3
EDM,COL,8,2
NJD,DET,1,3
CAR,SJS,5,3
CBJ,MIN,4,0
CHI,ANA,2,2
CGY,COL,2,3
VAN,PHX,2,2
BOS,PIT,3,2
MTL,BUF,3,2
OTT,TOR,3,3
DET,FLA,1,2
TBL,WPG,1,1
WSH,NSH,5,2
NYR,NJD,3,3
STL,ANA,2,5
DAL,PHI,5,1
EDM,CGY,1,1
LAK,NYI,3,0
MIN,SJS,3,1
TOR,BOS,2,5
NYR,WSH,1,4
CHI,FLA,6,2
VAN,COL,3,1
OTT,PHI,4,4
PIT,CBJ,2,1
VAN,CAR,2,0
ANA,NYI,5,2
BUF,OTT,1,1
WSH,TBL,5,5
CBJ,NJD,5,4
MTL,LAK,0,6
FLA,DET,2,2
NYR,NSH,1,4
WPG,STL,1,2
DAL,CHI,2,6
COL,PHX,1,3
CGY,BOS,1,2
EDM,CAR,4,4
SJS,NYI,2,2
TOR,LAK,1,3
CHI,PHI,7,2
ANA,MIN,2,1
NYR,CBJ,2,4
PHI,MTL,2,1
OTT,BUF,2,1
TBL,DET,1,1
STL,TOR,6,3
NSH,DAL,3,1
WPG,COL,3,3
CGY,CAR,1,1
PHX,NYI,6,3
EDM,BOS,2,4
SJS,MIN,3,1
PIT,NJD,3,2
FLA,WSH,2,2
VAN,EDM,4,0
BUF,CGY,1,1
OTT,LAK,2,5
WPG,DAL,4,6
TOR,CHI,7,3
DET,PIT,1,4
NJD,TBL,3,0
NYI,MTL,0,0
CBJ,STL,3,3
NSH,SJS,3,2
PHX,CAR,1,3
COL,MIN,1,1
VAN,BOS,6,2
WSH,PHI,4,4
DET,TBL,0,3
MTL,FLA,1,2
NYR,CGY,3,3
CHI,LAK,3,1
ANA,EDM,3,2
PIT,TOR,3,1
CBJ,WPG,2,3
OTT,STL,2,2
COL,DAL,6,2
BOS,CGY,2,0
BUF,WPG,4,2
TOR,FLA,1,3
NYI,TBL,2,2
MTL,PHX,3,1
DET,ANA,2,5
PHI,WSH,5,2
STL,SJS,2,4
NSH,CHI,1,3
MIN,VAN,2,2
DAL,COL,3,2
LAK,EDM,3,0
NJD,OTT,5,2
NYR,PIT,3,3
BUF,BOS,4,2
TOR,PHX,1,1
PHI,CBJ,5,4
PIT,MIN,5,2
OTT,FLA,2,4
DET,CGY,2,2
TBL,NSH,4,2
STL,MTL,5,1
DAL,VAN,4,1
COL,EDM,4,2
LAK,SJS,4,1
NJD,ANA,2,2
NYR,NYI,3,5
CAR,WSH,2,4
CHI,VAN,2,2
WPG,FLA,5,2
OTT,PHX,3,3
LAK,COL,2,2
BOS,BUF,4,1
TOR,DET,4,4
TBL,CAR,2,2
NYI,ANA,3,5
PIT,CGY,4,3
WSH,NJD,4,4
CBJ,PHI,6,3
NSH,MTL,3,3
EDM,STL,0,6
SJS,DAL,2,2
NYR,MIN,4,1
VAN,WPG,2,1
BUF,PHX,1,1
NYR,TOR,1,1
WSH,ANA,2,3
CAR,CBJ,3,4
OTT,PIT,5,0
DET,NYI,0,3
FLA,TBL,1,6
PHI,MIN,4,1
CHI,NJD,5,2
NSH,BOS,2,6
CGY,STL,3,3
EDM,WPG,6,2
LAK,DAL,2,5
SJS,COL,4,4
BOS,OTT,5,0
TOR,BUF,3,3
NJD,CBJ,1,1
WSH,NYR,3,2
CAR,PIT,3,3
CHI,COL,7,2
WPG,MIN,6,4
DAL,NSH,4,1
CGY,EDM,0,2
PHX,SJS,3,3
OTT,BOS,4,3
TBL,MTL,1,1
FLA,DET,3,4
NYI,NJD,1,2
STL,CHI,5,5
NSH,LAK,3,2
ANA,PHX,2,2
EDM,PHI,3,3
BUF,WSH,1,1
FLA,MTL,4,1
CBJ,PIT,3,5
DAL,STL,2,2
CGY,VAN,0,2
TOR,CAR,5,2
TBL,NYR,3,4
MIN,NYI,4,5
COL,WPG,1,1
SJS,ANA,3,1
OTT,WSH,3,1
CHI,LAK,1,0
NSH,DET,6,4
VAN,PHI,3,3
NJD,PIT,2,1
FLA,NYR,1,1
MIN,STL,1,2
BOS,NYI,3,5
CAR,MTL,4,4
WPG,BUF,3,0
DAL,LAK,3,2
COL,CBJ,5,3
ANA,SJS,6,3
CGY,PHI,1,4
PHX,EDM,3,3
DET,TOR,2,2
VAN,TBL,2,4
BOS,NSH,2,2
NYI,CHI,2,2
WSH,CAR,3,3
OTT,WPG,4,3
STL,LAK,5,0
MIN,BUF,4,1
DAL,MTL,4,6
COL,PHI,2,1
PHX,CBJ,0,2
SJS,EDM,5,1
NJD,CHI,3,5
PIT,NYR,5,2
CGY,TBL,0,2
ANA,EDM,5,2
BOS,WPG,4,1
COL,SJS,4,3
BUF,NJD,2,1
TOR,NYR,1,7
MTL,OTT,3,3
FLA,NSH,4,4
NYI,CAR,2,3
STL,CBJ,6,2
DAL,DET,1,5
MIN,WSH,5,3
PHX,PHI,3,5
LAK,VAN,3,1
PIT,WPG,6,5
CAR,NSH,2,1
CHI,SJS,2,2
EDM,TBL,5,3
ANA,VAN,3,3
NYI,DAL,7,3
NYR,CBJ,3,3
MTL,FLA,2,1
COL,CGY,3,4
BUF,CAR,3,2
TOR,NYI,3,5
NJD,PHI,2,2
NSH,SJS,3,2
WPG,TBL,2,4
PHX,CGY,6,0
EDM,STL,2,5
VAN,PIT,4,4
ANA,BOS,5,2
LAK,MIN,1,1
PHI,MTL,3,1
CHI,NYR,2,3
COL,OTT,3,3
BUF,FLA,1,1
NJD,DAL,1,0
CAR,TOR,6,1
TBL,WSH,3,4
NSH,ANA,3,4
CGY,STL,0,5
PHX,MIN,1,4
LAK,BOS,4,2
SJS,DET,4,1
NYR,DAL,3,2
WSH,TOR,3,2
CBJ,CAR,3,0
COL,NYI,1,1
EDM,PIT,3,3
VAN,STL,2,1
PHI,TBL,3,6
MTL,CHI,1,1
NJD,FLA,1,1
NSH,OTT,1,1
WPG,CBJ,3,6
MIN,COL,2,4
PHX,ANA,3,5
CGY,PIT,1,2
LAK,DET,1,3
SJS,BOS,0,1
WSH,BUF,1,1
DAL,NYI,2,4
TOR,NJD,2,2
NYR,PHI,4,1
CHI,EDM,5,3
NSH,MIN,0,4
ANA,DET,1,0
CAR,CGY,0,2
CBJ,TBL,3,2
WPG,PHX,5,1
LAK,VAN,1,0
BOS,TOR,3,4
NYR,TBL,1,2
WSH,SJS,1,1
BUF,PHI,3,4
MTL,NJD,1,4
FLA,NYI,4,2
CHI,COL,2,2
STL,PHX,2,1
NSH,CGY,4,2
MIN,OTT,0,3
DAL,EDM,5,2
TOR,BUF,3,3
PIT,WSH,4,3
ANA,VAN,9,1
NYR,DET,1,0
PHI,NSH,3,3
OTT,MTL,4,4
TBL,NYI,1,1
FLA,SJS,0,3
STL,LAK,1,4
MIN,EDM,4,1
DAL,BOS,2,4
COL,NJD,1,1
CGY,WPG,2,5
PHX,VAN,1,0
CBJ,WSH,5,1
CHI,ANA,4,2
OTT,NYR,1,4
TBL,SJS,4,5
WPG,EDM,2,2
BUF,CBJ,3,3
TOR,MTL,5,3
DET,LAK,2,2
PHI,NYI,6,4
CAR,FLA,3,2
STL,ANA,2,3
NSH,COL,4,5
PHX,NJD,3,2
MIN,DAL,2,2
VAN,CGY,2,2
CHI,BOS,2,2
CAR,TBL,3,5
NYR,WSH,4,1
BOS,LAK,3,2
NYI,PHI,3,3
PIT,FLA,1,5
DET,STL,1,4
NSH,DAL,4,1
PHX,TOR,2,4
SJS,CGY,3,2
BUF,FLA,3,4
NJD,STL,7,1
NYR,NYI,3,5
PHI,CAR,2,3
WSH,OTT,0,2
CBJ,LAK,5,3
DAL,MIN,4,0
COL,TOR,2,5
EDM,VAN,1,2
ANA,WPG,2,3
PIT,MTL,5,1
DET,CHI,4,4
CGY,PHX,3,2
BUF,CAR,3,5
NYR,STL,1,2
CBJ,PHI,5,2
TBL,OTT,3,3
NYI,PIT,4,6
MIN,CHI,2,1
DAL,TOR,7,1
VAN,NSH,1,2
ANA,LAK,2,1
SJS,WPG,1,0
NJD,WSH,2,1
CAR,OTT,6,3
DET,MTL,4,1
FLA,COL,2,3
CGY,NSH,4,4
EDM,PHX,3,4
NYI,STL,3,3
PHI,BOS,1,6
MTL,WSH,0,5
TBL,COL,5,2
CBJ,BUF,2,5
WPG,TOR,4,4
DAL,PIT,3,0
LAK,ANA,0,3
SJS,MIN,2,2
NJD,NYR,3,7
DET,FLA,4,4
CHI,WPG,1,3
EDM,NSH,5,1
VAN,PHX,4,4
NYI,BOS,3,6
CAR,CBJ,3,2
PIT,BUF,3,0
DAL,COL,3,4
VAN,EDM,2,4
SJS,LAK,0,1
BOS,FLA,6,2
TOR,TBL,3,2
PHI,DET,5,0
CBJ,OTT,2,3
BUF,WSH,4,4
MTL,CAR,3,0
STL,NJD,3,0
WPG,NSH,3,4
CGY,CHI,4,4
PHX,LAK,3,0
ANA,MIN,2,4
NYI,NYR,1,2
EDM,SJS,3,0
VAN,CHI,2,5
BOS,MTL,1,4
TOR,FLA,6,3
CBJ,WSH,5,2
OTT,TBL,5,3
DAL,NJD,2,2
COL,MIN,5,4
CGY,SJS,4,1
PHX,BUF,2,3
ANA,PHI,5,3
LAK,PIT,1,4
NYR,NYI,4,1
CAR,STL,3,1
DET,WSH,3,3
NSH,NJD,2,2
WPG,VAN,4,3
BOS,EDM,4,0
MTL,TBL,1,1
COL,BUF,7,1
LAK,PHI,0,2
TOR,OTT,6,3
CBJ,FLA,4,1
STL,NSH,3,3
PHX,PIT,3,1
CGY,MIN,3,3
ANA,DAL,0,2
SJS,CHI,1,1
WSH,DET,5,5
MTL,WPG,1,2
BUF,EDM,2,3
PIT,OTT,1,1
DET,VAN,2,0
NJD,COL,1,1
ANA,CBJ,2,4
LAK,CHI,3,5
SJS,PHI,2,5
BOS,VAN,3,1
NYR,COL,5,1
CAR,WPG,1,2
MTL,CGY,2,0
FLA,TOR,4,1
WSH,NYI,0,1
STL,OTT,4,4
MIN,TBL,2,1
PHX,DAL,1,3
BUF,PIT,1,5
ANA,CHI,0,2
SJS,DAL,1,1
NYI,CGY,2,4
NYR,EDM,1,2
PHI,COL,3,1
WSH,WPG,4,2
MTL,VAN,5,2
OTT,BUF,3,2
TBL,TOR,1,4
FLA,DET,1,3
STL,BOS,2,2
MIN,NSH,2,2
LAK,CBJ,1,1
NJD,EDM,1,1
PIT,NYR,3,3
CAR,FLA,5,1
PHX,CHI,2,0
SJS,CBJ,3,2
PHI,CGY,2,1
STL,WPG,3,3
BOS,OTT,7,2
TOR,VAN,3,1
CAR,MTL,1,4
TBL,DET,4,2
NYI,COL,2,5
WSH,NJD,3,0
NSH,ANA,2,5
DAL,PHX,2,1
BUF,BOS,4,4
MTL,DET,1,1
COL,LAK,4,6
VAN,STL,1,0
NJD,CBJ,5,2
NYI,TOR,4,4
NYR,CHI,2,1
PHI,SJS,3,7
PIT,MTL,5,5
OTT,DET,1,6
FLA,WSH,4,5
NSH,TBL,3,2
WPG,PHX,2,2
DAL,CAR,4,1
CGY,LAK,0,2
EDM,MIN,0,3
BUF,SJS,4,2
COL,PHX,4,2
VAN,MIN,1,1
ANA,STL,1,0
BOS,WSH,2,4
NYI,NJD,1,6
PHI,NYR,4,2
CBJ,FLA,6,3
NSH,WPG,1,3
DAL,TBL,2,4
LAK,CAR,3,1
MTL,TOR,3,3
CHI,PIT,5,1
EDM,CGY,1,1
WSH,PHI,4,4
NJD,SJS,2,4
NYI,FLA,3,5
VAN,OTT,2,4
NYR,BOS,3,6
COL,TBL,6,3
PHX,STL,2,4
ANA,CAR,5,3
TOR,CBJ,1,2
DAL,BUF,3,2
MIN,CGY,3,2
LAK,MTL,2,1
BOS,FLA,4,1
NJD,DET,4,3
CBJ,DAL,4,2
CHI,COL,2,4
STL,TBL,4,2
NSH,PIT,1,3
WPG,NYI,2,2
PHX,VAN,1,0
EDM,OTT,3,2
SJS,CAR,2,2
NYR,TOR,2,2
PHI,WSH,6,4
CGY,OTT,4,1
ANA,MTL,3,3
BOS,WSH,3,0
WPG,LAK,1,3
DET,COL,2,2
TBL,BUF,1,3
CHI,CBJ,6,1
NSH,STL,1,2
DAL,VAN,6,1
PHX,MTL,5,2
EDM,NYI,2,2
SJS,PIT,5,3
CAR,NYR,2,4
DET,NJD,7,4
FLA,BUF,2,0
CGY,NYI,4,3
ANA,PIT,2,2
WPG,OTT,3,5
COL,STL,1,2
TOR,PHI,3,3
TBL,BOS,3,3
NJD,CAR,5,4
WSH,PHX,3,2
NSH,CBJ,0,1
DAL,MIN,4,3
VAN,CGY,2,1
SJS,MTL,4,0
FLA,BOS,2,5
BUF,CHI,1,2
NYR,DET,3,0
MIN,STL,2,2
EDM,LAK,2,4
WSH,PIT,2,3
OTT,NSH,3,3
TBL,PHX,3,3
DAL,CBJ,1,2
COL,WPG,2,2
CGY,LAK,2,3
VAN,NYI,4,7
ANA,TOR,1,3
BUF,NSH,1,4
PHI,NJD,1,2
CAR,NYR,3,1
CBJ,DET,4,1
FLA,PHX,1,3
PIT,WSH,2,0
STL,DAL,2,2
MIN,EDM,3,3
SJS,TOR,6,2
MTL,BOS,1,4
WPG,VAN,2,2
COL,CHI,3,2
CGY,ANA,7,2
BOS,PHX,2,1
CAR,BUF,4,2
CBJ,SJS,3,3
TBL,FLA,5,4
STL,EDM,6,2
MIN,NYR,2,1
LAK,TOR,2,3
NYI,SJS,3,4
WSH,VAN,4,3
DET,EDM,1,1
FLA,NJD,5,3
CHI,NSH,2,3
WPG,NYR,2,4
DAL,CGY,3,3
COL,ANA,4,6
BOS,CAR,5,1
PHI,PIT,4,0
MTL,OTT,4,4
TBL,NJD,3,0
NYI,BUF,4,1
NSH,STL,1,4
MIN,CBJ,1,1
PHX,CGY,3,2
LAK,ANA,1,2
FLA,VAN,3,3
WSH,TOR,4,2
CAR,EDM,1,2
NYR,SJS,0,1
OTT,COL,1,3
BUF,MTL,0,2
PIT,PHI,3,4
CHI,DET,4,1
WPG,DAL,7,2
BOS,MIN,4,1
TBL,VAN,4,3
STL,WPG,3,1
LAK,PHX,3,4
NJD,BOS,2,4
NYI,MIN,0,6
PIT,DAL,5,1
CBJ,CAR,1,3
MTL,COL,6,3
OTT,NYR,4,8
DET,TOR,3,2
PHI,CHI,2,2
CGY,BUF,3,1
EDM,NSH,5,1
ANA,WSH,2,3
SJS,FLA,2,3
TOR,TBL,3,5
CHI,STL,4,0
WPG,COL,4,4
VAN,NSH,2,0
NJD,MIN,3,3
PHI,DAL,4,2
MTL,CBJ,2,3
OTT,TBL,4,5
DET,PIT,4,4
EDM,BUF,1,3
PHX,FLA,2,1
LAK,WSH,1,1
SJS,ANA,3,2
CBJ,NYR,1,3
CHI,CAR,3,2
COL,BOS,0,2
CGY,NSH,5,6
PHI,STL,4,1
PIT,TBL,3,3
MIN,DET,2,3
DAL,OTT,3,1
LAK,FLA,4,0
TOR,MTL,3,4
NJD,NYR,0,2
WPG,CAR,2,3
PHX,BOS,2,4
EDM,CGY,1,8
SJS,WSH,2,2
NYI,CBJ,2,0
PIT,STL,0,1
NJD,TOR,3,2
CHI,NSH,0,2
DET,MIN,3,3
VAN,BUF,4,2
ANA,FLA,6,2
NYR,PHX,3,3
PHI,LAK,2,3
BOS,MTL,1,1
TBL,OTT,3,3
DAL,WPG,2,1
CGY,SJS,1,1
TOR,STL,3,5
PIT,PHX,2,3
WSH,LAK,4,4
CAR,NYI,4,5
MTL,BUF,2,0
FLA,OTT,2,2
CBJ,DET,4,2
CHI,DAL,4,2
NSH,COL,4,4
EDM,SJS,2,5
MIN,VAN,2,5
NYR,PHI,3,1
CGY,ANA,2,3
BOS,CHI,3,0
NJD,PHX,2,2
PIT,LAK,2,3
DET,MTL,4,5
TBL,NYI,2,2
FLA,CAR,0,3
STL,MIN,5,1
NSH,BUF,6,1
COL,VAN,2,2
SJS,WPG,3,4
PHI,TOR,4,2
CBJ,PIT,1,2
OTT,CHI,5,3
DAL,NSH,7,3
CGY,NYR,4,3
EDM,ANA,3,3
WSH,BOS,2,4
COL,SJS,3,2
BUF,TBL,3,3
TOR,DET,2,4
FLA,MTL,1,4
NYI,NJD,1,1
CAR,CBJ,2,2
STL,DAL,2,4
PHX,MIN,1,3
VAN,ANA,1,5
LAK,WPG,4,2
OTT,CGY,6,3
DET,TBL,3,2
PHI,BOS,3,3
PIT,CHI,4,1
NSH,WSH,3,3
EDM,NYR,0,5
OTT,CAR,1,1
NJD,FLA,6,3
ANA,WPG,4,4
LAK,MIN,2,3
BUF,NJD,2,2
TOR,CGY,3,2
NYI,FLA,4,2
PIT,CAR,1,4
WSH,DAL,0,5
CBJ,COL,2,2
TBL,MTL,3,1
STL,PHI,0,0
VAN,NYR,1,3
PHX,WPG,1,1
SJS,EDM,5,4
OTT,NYI,1,2
DET,BOS,3,2
ANA,EDM,3,2
LAK,PHX,4,0
TOR,BOS,3,3
PHI,CBJ,0,2
CAR,DAL,4,1
TBL,CGY,1,4
CHI,MIN,2,2
STL,BUF,2,1
WPG,PIT,2,4
COL,NYR,2,2
SJS,LAK,2,1
OTT,MTL,4,7
CBJ,CHI,3,4
DET,BUF,3,2
FLA,CGY,1,2
NJD,WSH,2,1
PHX,EDM,2,2
ANA,NSH,2,5
BOS,PHI,5,2
STL,COL,0,4
NYI,WSH,3,3
TOR,WPG,2,4
MTL,DET,5,3
TBL,DAL,2,5
NYR,OTT,2,3
CAR,NJD,1,3
MIN,PIT,4,0
VAN,LAK,2,1
SJS,NSH,0,3
FLA,DAL,3,2
CBJ,NYI,4,0
PHI,BUF,5,2
CHI,STL,4,2
COL,PIT,2,2
EDM,ANA,4,2
NJD,CGY,0,1
WPG,MIN,0,1
VAN,ANA,0,3
BUF,DET,2,4
NYI,OTT,1,4
NYR,CAR,4,1
CBJ,PHX,3,3
TBL,TOR,3,0
FLA,PHI,2,5
STL,WSH,1,4
MIN,BOS,3,3
DAL,NSH,2,2
EDM,COL,1,4
CHI,MTL,2,2
PIT,DET,3,3
CGY,LAK,3,3
ANA,SJS,5,2
NYR,BUF,2,1
CAR,WSH,2,5
MTL,NYI,0,2
OTT,NJD,1,1
TBL,PHI,4,2
FLA,TOR,4,2
NSH,PHX,2,0
MIN,STL,4,2
WPG,BOS,1,1
EDM,LAK,0,3
VAN,COL,2,4
WSH,CHI,4,0
DET,CAR,1,2
TBL,CBJ,3,2
NJD,NYI,2,2
DAL,STL,3,0
CGY,WPG,3,5
SJS,COL,5,1
BOS,BUF,4,1
PIT,PHI,3,3
MTL,NYR,0,0
OTT,TOR,1,0
FLA,CBJ,2,3
NSH,CHI,7,5
PHX,SJS,2,3
EDM,VAN,5,2
LAK,ANA,3,3
NJD,BOS,3,2
PHI,CAR,5,5
WSH,TBL,0,0
STL,DET,0,3
BUF,NYI,3,3
PIT,OTT,2,2
MIN,NSH,3,7
VAN,CGY,5,1
ANA,COL,2,2
PHX,DAL,3,2
